{
  "checkpoint": "runs/subject_fit_v01/subject_fit.pth",
  "sample_index": 0,
  "num_gaussians": 1800,
  "threshold": 0.5,
  "accuracy": 0.9655000567436218,
  "iou": 0.9503418495861821,
  "mean_pred_wall": 0.7264986634254456,
  "mean_pred_centroid": 0.7980750203132629,
  "mean_pred_uniform": 0.06527093052864075,
  "mean_target_wall": 1.0,
  "mean_target_centroid": 1.0,
  "wall_centroid_gap": -0.07157635688781738
}